﻿<?xml version="1.0" encoding="utf-8" ?>
<Tree>
  <TreeNode Text="基础信息" SingleClickExpand="true" Expanded="true">
    <TreeNode Text="分类管理" Target="mainframe" NavigateUrl="~/CK_ProductType.aspx">
    </TreeNode>
    <TreeNode Text="加工人员管理" Target="mainframe" NavigateUrl="~/CK_People.aspx">
    </TreeNode>
    <TreeNode Text="产品管理" Target="mainframe" NavigateUrl="~/CK_Product.aspx">
    </TreeNode>
  </TreeNode>
  <TreeNode Text="取送货管理" SingleClickExpand="true" Expanded="true">
    <TreeNode Text="取货管理" Target="mainframe" NavigateUrl="~/CK_TakeGoods.aspx">
    </TreeNode>
    <TreeNode Text="送货管理" Target="mainframe" NavigateUrl="~/CK_SendGoods.aspx">
    </TreeNode>
    <TreeNode Text="取送货统计管理" Target="mainframe" NavigateUrl="~/CK_TakeSendGoodsStat.aspx">
    </TreeNode>
    <TreeNode Text="支付管理" Target="mainframe" NavigateUrl="~/CK_Payment.aspx">
    </TreeNode>
    <TreeNode Text="支付统计管理" Target="mainframe" NavigateUrl="~/CK_PayDetailStat.aspx">
    </TreeNode>
  </TreeNode>
</Tree>